<?xml version="1.0" encoding="UTF-8"?>
<?mso-application progid="Excel.Sheet"?>
<Workbook xmlns="urn:schemas-microsoft-com:office:spreadsheet"
 xmlns:o="urn:schemas-microsoft-com:office:office"
 xmlns:x="urn:schemas-microsoft-com:office:excel"
 xmlns:ss="urn:schemas-microsoft-com:office:spreadsheet"
 xmlns:html="http://www.w3.org/TR/REC-html40">
 <OfficeDocumentSettings xmlns="urn:schemas-microsoft-com:office:office">
  <AllowPNG/>
 </OfficeDocumentSettings>
 <ExcelWorkbook xmlns="urn:schemas-microsoft-com:office:excel">
  <WindowHeight>8250</WindowHeight>
  <WindowWidth>16275</WindowWidth>
  <WindowTopX>360</WindowTopX>
  <WindowTopY>90</WindowTopY>
  <ProtectStructure>False</ProtectStructure>
  <ProtectWindows>False</ProtectWindows>
 </ExcelWorkbook>
 <Styles>
  <Style ss:ID="Default" ss:Name="Normal">
   <Alignment ss:Vertical="Bottom"/>
   <Borders/>
   <Font ss:FontName="Calibri" x:CharSet="238" x:Family="Swiss" ss:Size="11"
    ss:Color="#000000"/>
   <Interior/>
   <NumberFormat/>
   <Protection/>
  </Style>
  <Style ss:ID="s62">
   <NumberFormat ss:Format="General Date"/>
  </Style>
  <Style ss:ID="s63">
   <NumberFormat ss:Format="Short Date"/>
  </Style>
  <Style ss:ID="s65">
   <NumberFormat ss:Format="[h]:mm:ss"/>
  </Style>
 </Styles>
 <Worksheet ss:Name="Sheet1">
  <Table>

	<Column ss:AutoFitWidth="0" ss:Width="50"/>
	<Column ss:AutoFitWidth="0" ss:Width="84" ss:Span="1"/>
	<Column ss:AutoFitWidth="0" ss:Width="110"/>
	<Column ss:AutoFitWidth="0" ss:Width="110"/>
	<Column ss:AutoFitWidth="0" ss:Width="90"/>
	<Column ss:AutoFitWidth="0" ss:Width="90"/>
	<Column ss:AutoFitWidth="0" ss:Width="87"/>
	<Column ss:AutoFitWidth="0" ss:Width="87"/>
	<Column ss:AutoFitWidth="0" ss:Width="57.75"/>
	<Column ss:AutoFitWidth="0" ss:Width="57.75"/>
	<Column ss:AutoFitWidth="0" ss:Width="100"/>
	<Column ss:AutoFitWidth="0" ss:Width="100"/>
	<Column ss:AutoFitWidth="0" ss:Width="80"/>
	<Column ss:AutoFitWidth="0" ss:Width="80"/>
	
	<Row>
	<Cell><Data ss:Type="String">#</Data></Cell>
	<Cell><Data ss:Type="String">Tracking ID</Data></Cell>
	<Cell><Data ss:Type="String">Date</Data></Cell>
    <Cell><Data ss:Type="String">Updated</Data></Cell>
    <Cell><Data ss:Type="String">Resolved at</Data></Cell>
	<Cell><Data ss:Type="String">Name</Data></Cell>
	<Cell><Data ss:Type="String">Email</Data></Cell>
	<Cell><Data ss:Type="String">Followers</Data></Cell>
	<Cell><Data ss:Type="String">Category</Data></Cell>
	<Cell><Data ss:Type="String">Priority</Data></Cell>
	<Cell><Data ss:Type="String">Status</Data></Cell>
	<Cell><Data ss:Type="String">Subject</Data></Cell>
	<Cell><Data ss:Type="String">Message</Data></Cell>
	<Cell><Data ss:Type="String">Owner</Data></Cell>
	<Cell><Data ss:Type="String">Time worked</Data></Cell>
	<Cell><Data ss:Type="String">Due date</Data></Cell>
	<Cell><Data ss:Type="String">Ticket URL</Data></Cell>
</Row>

<Row>
<Cell><Data ss:Type="Number">9</Data></Cell>
<Cell><Data ss:Type="String"><![CDATA[XUS-GQJ-P4VT]]></Data></Cell>
<Cell ss:StyleID="s62"><Data ss:Type="DateTime">2025-03-05T13:55:51.000</Data></Cell>
<Cell ss:StyleID="s62"><Data ss:Type="DateTime">2025-03-05T13:55:51.000</Data></Cell>
<Cell><Data ss:Type="String"></Data></Cell>
<Cell><Data ss:Type="String"><![CDATA[Customer Pet]]></Data></Cell>
<Cell><Data ss:Type="String"><![CDATA[ws.law@ritmapres.com]]></Data></Cell>
<Cell><Data ss:Type="String"><![CDATA[]]></Data></Cell>
<Cell><Data ss:Type="String"><![CDATA[Microsoft Office 365]]></Data></Cell>
<Cell><Data ss:Type="String"><![CDATA[Medium]]></Data></Cell>
<Cell><Data ss:Type="String"><![CDATA[New]]></Data></Cell>
<Cell><Data ss:Type="String"><![CDATA[Need to buy]]></Data></Cell>
<Cell><Data ss:Type="String"><![CDATA[I would like to buy a new office.]]></Data></Cell>
<Cell><Data ss:Type="String"><![CDATA[LOW YING YUN]]></Data></Cell>
<Cell><Data ss:Type="String"><![CDATA[00:00:00]]></Data></Cell>
<Cell><Data ss:Type="String"></Data></Cell>
<Cell><Data ss:Type="String">http://localhost/Hesk/ticket.php?track=XUS-GQJ-P4VT&amp;e=ws.law%40ritmapres.com</Data></Cell></Row>

<Row>
<Cell><Data ss:Type="Number">10</Data></Cell>
<Cell><Data ss:Type="String"><![CDATA[GBU-38J-531X]]></Data></Cell>
<Cell ss:StyleID="s62"><Data ss:Type="DateTime">2025-03-06T12:03:00.000</Data></Cell>
<Cell ss:StyleID="s62"><Data ss:Type="DateTime">2025-03-10T14:11:42.000</Data></Cell>
<Cell><Data ss:Type="String"></Data></Cell>
<Cell><Data ss:Type="String"><![CDATA[okay]]></Data></Cell>
<Cell><Data ss:Type="String"><![CDATA[nobody@ritmapres.com]]></Data></Cell>
<Cell><Data ss:Type="String"><![CDATA[]]></Data></Cell>
<Cell><Data ss:Type="String"><![CDATA[Efichain System]]></Data></Cell>
<Cell><Data ss:Type="String"><![CDATA[High]]></Data></Cell>
<Cell><Data ss:Type="String"><![CDATA[New]]></Data></Cell>
<Cell><Data ss:Type="String"><![CDATA[Efichain app down]]></Data></Cell>
<Cell><Data ss:Type="String"><![CDATA[The app is down for 3hours. Please assist to check the app.]]></Data></Cell>
<Cell><Data ss:Type="String"><![CDATA[LEE YUN XUAN]]></Data></Cell>
<Cell><Data ss:Type="String"><![CDATA[00:00:00]]></Data></Cell>
<Cell><Data ss:Type="String"></Data></Cell>
<Cell><Data ss:Type="String">http://localhost/Hesk/ticket.php?track=GBU-38J-531X&amp;e=nobody%40ritmapres.com</Data></Cell></Row>

<Row>
<Cell><Data ss:Type="Number">11</Data></Cell>
<Cell><Data ss:Type="String"><![CDATA[MZL-UQW-PE9Q]]></Data></Cell>
<Cell ss:StyleID="s62"><Data ss:Type="DateTime">2025-03-06T12:04:36.000</Data></Cell>
<Cell ss:StyleID="s62"><Data ss:Type="DateTime">2025-03-06T12:04:36.000</Data></Cell>
<Cell><Data ss:Type="String"></Data></Cell>
<Cell><Data ss:Type="String"><![CDATA[okay]]></Data></Cell>
<Cell><Data ss:Type="String"><![CDATA[nobody@ritmapres.com]]></Data></Cell>
<Cell><Data ss:Type="String"><![CDATA[]]></Data></Cell>
<Cell><Data ss:Type="String"><![CDATA[WMS System]]></Data></Cell>
<Cell><Data ss:Type="String"><![CDATA[Low]]></Data></Cell>
<Cell><Data ss:Type="String"><![CDATA[New]]></Data></Cell>
<Cell><Data ss:Type="String"><![CDATA[Stock balance not tally]]></Data></Cell>
<Cell><Data ss:Type="String"><![CDATA[We found the WMS system cannot record the correct amount of the stock balance. We need to adjust it manually.]]></Data></Cell>
<Cell><Data ss:Type="String"><![CDATA[LOW YING YUN]]></Data></Cell>
<Cell><Data ss:Type="String"><![CDATA[00:00:00]]></Data></Cell>
<Cell><Data ss:Type="String"></Data></Cell>
<Cell><Data ss:Type="String">http://localhost/Hesk/ticket.php?track=MZL-UQW-PE9Q&amp;e=nobody%40ritmapres.com</Data></Cell></Row>

<Row>
<Cell><Data ss:Type="Number">12</Data></Cell>
<Cell><Data ss:Type="String"><![CDATA[EAR-23D-1GHA]]></Data></Cell>
<Cell ss:StyleID="s62"><Data ss:Type="DateTime">2025-03-06T12:06:26.000</Data></Cell>
<Cell ss:StyleID="s62"><Data ss:Type="DateTime">2025-03-10T14:11:54.000</Data></Cell>
<Cell><Data ss:Type="String"></Data></Cell>
<Cell><Data ss:Type="String"><![CDATA[okay]]></Data></Cell>
<Cell><Data ss:Type="String"><![CDATA[nobody@ritmapres.com]]></Data></Cell>
<Cell><Data ss:Type="String"><![CDATA[]]></Data></Cell>
<Cell><Data ss:Type="String"><![CDATA[On/Off boarding]]></Data></Cell>
<Cell><Data ss:Type="String"><![CDATA[High]]></Data></Cell>
<Cell><Data ss:Type="String"><![CDATA[New]]></Data></Cell>
<Cell><Data ss:Type="String"><![CDATA[On board]]></Data></Cell>
<Cell><Data ss:Type="String"><![CDATA[Please prepare a briefing for the new joiner.]]></Data></Cell>
<Cell><Data ss:Type="String"><![CDATA[LEE YUN XUAN]]></Data></Cell>
<Cell><Data ss:Type="String"><![CDATA[00:00:00]]></Data></Cell>
<Cell><Data ss:Type="String"></Data></Cell>
<Cell><Data ss:Type="String">http://localhost/Hesk/ticket.php?track=EAR-23D-1GHA&amp;e=nobody%40ritmapres.com</Data></Cell></Row>

<Row>
<Cell><Data ss:Type="Number">13</Data></Cell>
<Cell><Data ss:Type="String"><![CDATA[2YP-HE3-5S7M]]></Data></Cell>
<Cell ss:StyleID="s62"><Data ss:Type="DateTime">2025-03-06T16:10:39.000</Data></Cell>
<Cell ss:StyleID="s62"><Data ss:Type="DateTime">2025-03-10T15:00:06.000</Data></Cell>
<Cell><Data ss:Type="String"></Data></Cell>
<Cell><Data ss:Type="String"><![CDATA[okay]]></Data></Cell>
<Cell><Data ss:Type="String"><![CDATA[nobody@ritmapres.com]]></Data></Cell>
<Cell><Data ss:Type="String"><![CDATA[]]></Data></Cell>
<Cell><Data ss:Type="String"><![CDATA[General]]></Data></Cell>
<Cell><Data ss:Type="String"><![CDATA[Critical]]></Data></Cell>
<Cell><Data ss:Type="String"><![CDATA[Resolved]]></Data></Cell>
<Cell><Data ss:Type="String"><![CDATA[My Laptop cannot show screen]]></Data></Cell>
<Cell><Data ss:Type="String"><![CDATA[Blue screen and black screen]]></Data></Cell>
<Cell><Data ss:Type="String"><![CDATA[]]></Data></Cell>
<Cell><Data ss:Type="String"><![CDATA[00:00:13]]></Data></Cell>
<Cell><Data ss:Type="String"></Data></Cell>
<Cell><Data ss:Type="String">http://localhost/Hesk/ticket.php?track=2YP-HE3-5S7M&amp;e=nobody%40ritmapres.com</Data></Cell></Row>

<Row>
<Cell><Data ss:Type="Number">14</Data></Cell>
<Cell><Data ss:Type="String"><![CDATA[ZX4-B59-PZE9]]></Data></Cell>
<Cell ss:StyleID="s62"><Data ss:Type="DateTime">2025-03-10T14:43:13.000</Data></Cell>
<Cell ss:StyleID="s62"><Data ss:Type="DateTime">2025-03-11T15:58:56.000</Data></Cell>
<Cell ss:StyleID="s62"><Data ss:Type="DateTime">2025-03-11T15:58:56.000</Data></Cell>
<Cell><Data ss:Type="String"><![CDATA[okay]]></Data></Cell>
<Cell><Data ss:Type="String"><![CDATA[nobody@ritmapres.com]]></Data></Cell>
<Cell><Data ss:Type="String"><![CDATA[]]></Data></Cell>
<Cell><Data ss:Type="String"><![CDATA[IT Asset Requisition]]></Data></Cell>
<Cell><Data ss:Type="String"><![CDATA[Low]]></Data></Cell>
<Cell><Data ss:Type="String"><![CDATA[Resolved]]></Data></Cell>
<Cell><Data ss:Type="String"><![CDATA[monitor]]></Data></Cell>
<Cell><Data ss:Type="String"><![CDATA[monitor rosak]]></Data></Cell>
<Cell><Data ss:Type="String"><![CDATA[Staff]]></Data></Cell>
<Cell><Data ss:Type="String"><![CDATA[00:00:22]]></Data></Cell>
<Cell><Data ss:Type="String"></Data></Cell>
<Cell><Data ss:Type="String">http://localhost/Hesk/ticket.php?track=ZX4-B59-PZE9&amp;e=nobody%40ritmapres.com</Data></Cell></Row>

<Row>
<Cell><Data ss:Type="Number">15</Data></Cell>
<Cell><Data ss:Type="String"><![CDATA[Z24-XJJ-6BTN]]></Data></Cell>
<Cell ss:StyleID="s62"><Data ss:Type="DateTime">2025-03-10T14:46:05.000</Data></Cell>
<Cell ss:StyleID="s62"><Data ss:Type="DateTime">2025-03-10T14:55:50.000</Data></Cell>
<Cell><Data ss:Type="String"></Data></Cell>
<Cell><Data ss:Type="String"><![CDATA[okay]]></Data></Cell>
<Cell><Data ss:Type="String"><![CDATA[nobody@ritmapres.com]]></Data></Cell>
<Cell><Data ss:Type="String"><![CDATA[]]></Data></Cell>
<Cell><Data ss:Type="String"><![CDATA[IT Asset Requisition]]></Data></Cell>
<Cell><Data ss:Type="String"><![CDATA[Low]]></Data></Cell>
<Cell><Data ss:Type="String"><![CDATA[Replied]]></Data></Cell>
<Cell><Data ss:Type="String"><![CDATA[Monitor]]></Data></Cell>
<Cell><Data ss:Type="String"><![CDATA[3344]]></Data></Cell>
<Cell><Data ss:Type="String"><![CDATA[Staff]]></Data></Cell>
<Cell><Data ss:Type="String"><![CDATA[00:00:06]]></Data></Cell>
<Cell ss:StyleID="s63"><Data ss:Type="DateTime">2025-03-18T00:00:00.000</Data></Cell>
<Cell><Data ss:Type="String">http://localhost/Hesk/ticket.php?track=Z24-XJJ-6BTN&amp;e=nobody%40ritmapres.com</Data></Cell></Row>

<Row>
<Cell><Data ss:Type="Number">16</Data></Cell>
<Cell><Data ss:Type="String"><![CDATA[H11-1WM-X7ZT]]></Data></Cell>
<Cell ss:StyleID="s62"><Data ss:Type="DateTime">2025-03-10T14:57:38.000</Data></Cell>
<Cell ss:StyleID="s62"><Data ss:Type="DateTime">2025-03-10T15:05:37.000</Data></Cell>
<Cell><Data ss:Type="String"></Data></Cell>
<Cell><Data ss:Type="String"><![CDATA[okay]]></Data></Cell>
<Cell><Data ss:Type="String"><![CDATA[nobody@ritmapres.com]]></Data></Cell>
<Cell><Data ss:Type="String"><![CDATA[]]></Data></Cell>
<Cell><Data ss:Type="String"><![CDATA[IT Asset Requisition]]></Data></Cell>
<Cell><Data ss:Type="String"><![CDATA[Low]]></Data></Cell>
<Cell><Data ss:Type="String"><![CDATA[Replied]]></Data></Cell>
<Cell><Data ss:Type="String"><![CDATA[Monitor]]></Data></Cell>
<Cell><Data ss:Type="String"><![CDATA[22222]]></Data></Cell>
<Cell><Data ss:Type="String"><![CDATA[Staff]]></Data></Cell>
<Cell><Data ss:Type="String"><![CDATA[00:00:07]]></Data></Cell>
<Cell><Data ss:Type="String"></Data></Cell>
<Cell><Data ss:Type="String">http://localhost/Hesk/ticket.php?track=H11-1WM-X7ZT&amp;e=nobody%40ritmapres.com</Data></Cell></Row>

<Row>
<Cell><Data ss:Type="Number">17</Data></Cell>
<Cell><Data ss:Type="String"><![CDATA[GEN-M4S-0001]]></Data></Cell>
<Cell ss:StyleID="s62"><Data ss:Type="DateTime">2025-03-12T14:15:49.000</Data></Cell>
<Cell ss:StyleID="s62"><Data ss:Type="DateTime">2025-03-12T14:15:49.000</Data></Cell>
<Cell><Data ss:Type="String"></Data></Cell>
<Cell><Data ss:Type="String"><![CDATA[yunxuanlee]]></Data></Cell>
<Cell><Data ss:Type="String"><![CDATA[yx.lee@ritmapres.com]]></Data></Cell>
<Cell><Data ss:Type="String"><![CDATA[]]></Data></Cell>
<Cell><Data ss:Type="String"><![CDATA[Microsoft Office 365]]></Data></Cell>
<Cell><Data ss:Type="String"><![CDATA[Low]]></Data></Cell>
<Cell><Data ss:Type="String"><![CDATA[New]]></Data></Cell>
<Cell><Data ss:Type="String"><![CDATA[purchase wireless keyboard]]></Data></Cell>
<Cell><Data ss:Type="String"><![CDATA[i need to purchase a wireless keyboard for working purpose]]></Data></Cell>
<Cell><Data ss:Type="String"><![CDATA[LAW WIN SON]]></Data></Cell>
<Cell><Data ss:Type="String"><![CDATA[00:00:00]]></Data></Cell>
<Cell><Data ss:Type="String"></Data></Cell>
<Cell><Data ss:Type="String">http://localhost/Hesk/ticket.php?track=GEN-M4S-0001&amp;e=yx.lee%40ritmapres.com</Data></Cell></Row>

<Row>
<Cell><Data ss:Type="Number">18</Data></Cell>
<Cell><Data ss:Type="String"><![CDATA[GEN-Z69-0002]]></Data></Cell>
<Cell ss:StyleID="s62"><Data ss:Type="DateTime">2025-03-12T14:21:15.000</Data></Cell>
<Cell ss:StyleID="s62"><Data ss:Type="DateTime">2025-03-12T14:21:15.000</Data></Cell>
<Cell><Data ss:Type="String"></Data></Cell>
<Cell><Data ss:Type="String"><![CDATA[yunxuanlee]]></Data></Cell>
<Cell><Data ss:Type="String"><![CDATA[yx.lee@ritmapres.com]]></Data></Cell>
<Cell><Data ss:Type="String"><![CDATA[]]></Data></Cell>
<Cell><Data ss:Type="String"><![CDATA[On/Off boarding]]></Data></Cell>
<Cell><Data ss:Type="String"><![CDATA[Low]]></Data></Cell>
<Cell><Data ss:Type="String"><![CDATA[New]]></Data></Cell>
<Cell><Data ss:Type="String"><![CDATA[halo]]></Data></Cell>
<Cell><Data ss:Type="String"><![CDATA[halo]]></Data></Cell>
<Cell><Data ss:Type="String"><![CDATA[LAW WIN SON]]></Data></Cell>
<Cell><Data ss:Type="String"><![CDATA[00:00:00]]></Data></Cell>
<Cell><Data ss:Type="String"></Data></Cell>
<Cell><Data ss:Type="String">http://localhost/Hesk/ticket.php?track=GEN-Z69-0002&amp;e=yx.lee%40ritmapres.com</Data></Cell></Row>

<Row>
<Cell><Data ss:Type="Number">19</Data></Cell>
<Cell><Data ss:Type="String"><![CDATA[GEN-435-0003]]></Data></Cell>
<Cell ss:StyleID="s62"><Data ss:Type="DateTime">2025-03-12T14:27:02.000</Data></Cell>
<Cell ss:StyleID="s62"><Data ss:Type="DateTime">2025-03-12T14:27:02.000</Data></Cell>
<Cell><Data ss:Type="String"></Data></Cell>
<Cell><Data ss:Type="String"><![CDATA[yunxuanlee]]></Data></Cell>
<Cell><Data ss:Type="String"><![CDATA[yx.lee@ritmapres.com]]></Data></Cell>
<Cell><Data ss:Type="String"><![CDATA[]]></Data></Cell>
<Cell><Data ss:Type="String"><![CDATA[Efichain System]]></Data></Cell>
<Cell><Data ss:Type="String"><![CDATA[Low]]></Data></Cell>
<Cell><Data ss:Type="String"><![CDATA[New]]></Data></Cell>
<Cell><Data ss:Type="String"><![CDATA[winson not good]]></Data></Cell>
<Cell><Data ss:Type="String"><![CDATA[winson not good]]></Data></Cell>
<Cell><Data ss:Type="String"><![CDATA[LAW WIN SON]]></Data></Cell>
<Cell><Data ss:Type="String"><![CDATA[00:00:00]]></Data></Cell>
<Cell><Data ss:Type="String"></Data></Cell>
<Cell><Data ss:Type="String">http://localhost/Hesk/ticket.php?track=GEN-435-0003&amp;e=yx.lee%40ritmapres.com</Data></Cell></Row>

<Row>
<Cell><Data ss:Type="Number">20</Data></Cell>
<Cell><Data ss:Type="String"><![CDATA[MO3-V2W-0001]]></Data></Cell>
<Cell ss:StyleID="s62"><Data ss:Type="DateTime">2025-03-12T14:41:41.000</Data></Cell>
<Cell ss:StyleID="s62"><Data ss:Type="DateTime">2025-03-12T14:41:41.000</Data></Cell>
<Cell><Data ss:Type="String"></Data></Cell>
<Cell><Data ss:Type="String"><![CDATA[yunxuanlee]]></Data></Cell>
<Cell><Data ss:Type="String"><![CDATA[yx.lee@ritmapres.com]]></Data></Cell>
<Cell><Data ss:Type="String"><![CDATA[]]></Data></Cell>
<Cell><Data ss:Type="String"><![CDATA[Microsoft Office 365]]></Data></Cell>
<Cell><Data ss:Type="String"><![CDATA[Low]]></Data></Cell>
<Cell><Data ss:Type="String"><![CDATA[New]]></Data></Cell>
<Cell><Data ss:Type="String"><![CDATA[Subject 1]]></Data></Cell>
<Cell><Data ss:Type="String"><![CDATA[blablabla]]></Data></Cell>
<Cell><Data ss:Type="String"><![CDATA[LEE YUN XUAN]]></Data></Cell>
<Cell><Data ss:Type="String"><![CDATA[00:00:00]]></Data></Cell>
<Cell><Data ss:Type="String"></Data></Cell>
<Cell><Data ss:Type="String">http://localhost/Hesk/ticket.php?track=MO3-V2W-0001&amp;e=yx.lee%40ritmapres.com</Data></Cell></Row>

<Row>
<Cell><Data ss:Type="Number">21</Data></Cell>
<Cell><Data ss:Type="String"><![CDATA[MAD-U7P-0001]]></Data></Cell>
<Cell ss:StyleID="s62"><Data ss:Type="DateTime">2025-03-12T14:42:45.000</Data></Cell>
<Cell ss:StyleID="s62"><Data ss:Type="DateTime">2025-03-12T14:42:45.000</Data></Cell>
<Cell><Data ss:Type="String"></Data></Cell>
<Cell><Data ss:Type="String"><![CDATA[yunxuanlee]]></Data></Cell>
<Cell><Data ss:Type="String"><![CDATA[yx.lee@ritmapres.com]]></Data></Cell>
<Cell><Data ss:Type="String"><![CDATA[]]></Data></Cell>
<Cell><Data ss:Type="String"><![CDATA[Microsoft AX Dynamics 365]]></Data></Cell>
<Cell><Data ss:Type="String"><![CDATA[High]]></Data></Cell>
<Cell><Data ss:Type="String"><![CDATA[New]]></Data></Cell>
<Cell><Data ss:Type="String"><![CDATA[Subject 2]]></Data></Cell>
<Cell><Data ss:Type="String"><![CDATA[blablabla22222]]></Data></Cell>
<Cell><Data ss:Type="String"><![CDATA[LAW WIN SON]]></Data></Cell>
<Cell><Data ss:Type="String"><![CDATA[00:00:00]]></Data></Cell>
<Cell><Data ss:Type="String"></Data></Cell>
<Cell><Data ss:Type="String">http://localhost/Hesk/ticket.php?track=MAD-U7P-0001&amp;e=yx.lee%40ritmapres.com</Data></Cell></Row>

<Row>
<Cell><Data ss:Type="Number">22</Data></Cell>
<Cell><Data ss:Type="String"><![CDATA[WSY-000001]]></Data></Cell>
<Cell ss:StyleID="s62"><Data ss:Type="DateTime">2025-03-12T14:49:07.000</Data></Cell>
<Cell ss:StyleID="s62"><Data ss:Type="DateTime">2025-03-12T14:49:07.000</Data></Cell>
<Cell><Data ss:Type="String"></Data></Cell>
<Cell><Data ss:Type="String"><![CDATA[yunxuanlee]]></Data></Cell>
<Cell><Data ss:Type="String"><![CDATA[yx.lee@ritmapres.com]]></Data></Cell>
<Cell><Data ss:Type="String"><![CDATA[]]></Data></Cell>
<Cell><Data ss:Type="String"><![CDATA[WMS System]]></Data></Cell>
<Cell><Data ss:Type="String"><![CDATA[Low]]></Data></Cell>
<Cell><Data ss:Type="String"><![CDATA[New]]></Data></Cell>
<Cell><Data ss:Type="String"><![CDATA[WMS Running Very Slow]]></Data></Cell>
<Cell><Data ss:Type="String"><![CDATA[WMS Running Very Slow]]></Data></Cell>
<Cell><Data ss:Type="String"><![CDATA[LAW WIN SON]]></Data></Cell>
<Cell><Data ss:Type="String"><![CDATA[00:00:00]]></Data></Cell>
<Cell><Data ss:Type="String"></Data></Cell>
<Cell><Data ss:Type="String">http://localhost/Hesk/ticket.php?track=WSY-000001&amp;e=yx.lee%40ritmapres.com</Data></Cell></Row>

<Row>
<Cell><Data ss:Type="Number">23</Data></Cell>
<Cell><Data ss:Type="String"><![CDATA[WSY-000002]]></Data></Cell>
<Cell ss:StyleID="s62"><Data ss:Type="DateTime">2025-03-12T14:50:08.000</Data></Cell>
<Cell ss:StyleID="s62"><Data ss:Type="DateTime">2025-03-12T14:50:08.000</Data></Cell>
<Cell><Data ss:Type="String"></Data></Cell>
<Cell><Data ss:Type="String"><![CDATA[yunxuanlee]]></Data></Cell>
<Cell><Data ss:Type="String"><![CDATA[yx.lee@ritmapres.com]]></Data></Cell>
<Cell><Data ss:Type="String"><![CDATA[]]></Data></Cell>
<Cell><Data ss:Type="String"><![CDATA[WMS System]]></Data></Cell>
<Cell><Data ss:Type="String"><![CDATA[Low]]></Data></Cell>
<Cell><Data ss:Type="String"><![CDATA[New]]></Data></Cell>
<Cell><Data ss:Type="String"><![CDATA[WMS Running Very Very Slow ~~]]></Data></Cell>
<Cell><Data ss:Type="String"><![CDATA[need help , urgent !!]]></Data></Cell>
<Cell><Data ss:Type="String"><![CDATA[LEE YUN XUAN]]></Data></Cell>
<Cell><Data ss:Type="String"><![CDATA[00:00:00]]></Data></Cell>
<Cell><Data ss:Type="String"></Data></Cell>
<Cell><Data ss:Type="String">http://localhost/Hesk/ticket.php?track=WSY-000002&amp;e=yx.lee%40ritmapres.com</Data></Cell></Row>

<Row>
<Cell><Data ss:Type="Number">24</Data></Cell>
<Cell><Data ss:Type="String"><![CDATA[TC1-000001]]></Data></Cell>
<Cell ss:StyleID="s62"><Data ss:Type="DateTime">2025-03-12T14:55:09.000</Data></Cell>
<Cell ss:StyleID="s62"><Data ss:Type="DateTime">2025-03-12T14:55:09.000</Data></Cell>
<Cell><Data ss:Type="String"></Data></Cell>
<Cell><Data ss:Type="String"><![CDATA[yunxuanlee]]></Data></Cell>
<Cell><Data ss:Type="String"><![CDATA[yx.lee@ritmapres.com]]></Data></Cell>
<Cell><Data ss:Type="String"><![CDATA[]]></Data></Cell>
<Cell><Data ss:Type="String"><![CDATA[Testing Category 1]]></Data></Cell>
<Cell><Data ss:Type="String"><![CDATA[Low]]></Data></Cell>
<Cell><Data ss:Type="String"><![CDATA[New]]></Data></Cell>
<Cell><Data ss:Type="String"><![CDATA[Testing New Category]]></Data></Cell>
<Cell><Data ss:Type="String"><![CDATA[dkfsjdfjjfjf]]></Data></Cell>
<Cell><Data ss:Type="String"><![CDATA[LAW WIN SON]]></Data></Cell>
<Cell><Data ss:Type="String"><![CDATA[00:00:00]]></Data></Cell>
<Cell><Data ss:Type="String"></Data></Cell>
<Cell><Data ss:Type="String">http://localhost/Hesk/ticket.php?track=TC1-000001&amp;e=yx.lee%40ritmapres.com</Data></Cell></Row>

<Row>
<Cell><Data ss:Type="Number">25</Data></Cell>
<Cell><Data ss:Type="String"><![CDATA[WSY-000003]]></Data></Cell>
<Cell ss:StyleID="s62"><Data ss:Type="DateTime">2025-03-12T15:17:54.000</Data></Cell>
<Cell ss:StyleID="s62"><Data ss:Type="DateTime">2025-03-12T15:17:54.000</Data></Cell>
<Cell><Data ss:Type="String"></Data></Cell>
<Cell><Data ss:Type="String"><![CDATA[yunxuanlee]]></Data></Cell>
<Cell><Data ss:Type="String"><![CDATA[yx.lee@ritmapres.com]]></Data></Cell>
<Cell><Data ss:Type="String"><![CDATA[]]></Data></Cell>
<Cell><Data ss:Type="String"><![CDATA[WMS System]]></Data></Cell>
<Cell><Data ss:Type="String"><![CDATA[Low]]></Data></Cell>
<Cell><Data ss:Type="String"><![CDATA[New]]></Data></Cell>
<Cell><Data ss:Type="String"><![CDATA[Subject 3]]></Data></Cell>
<Cell><Data ss:Type="String"><![CDATA[dhiudfhufhadflkjdsf]]></Data></Cell>
<Cell><Data ss:Type="String"><![CDATA[LEE YUN XUAN]]></Data></Cell>
<Cell><Data ss:Type="String"><![CDATA[00:00:00]]></Data></Cell>
<Cell><Data ss:Type="String"></Data></Cell>
<Cell><Data ss:Type="String">http://localhost/Hesk/ticket.php?track=WSY-000003&amp;e=yx.lee%40ritmapres.com</Data></Cell></Row>

<Row>
<Cell><Data ss:Type="Number">26</Data></Cell>
<Cell><Data ss:Type="String"><![CDATA[GEN-000004]]></Data></Cell>
<Cell ss:StyleID="s62"><Data ss:Type="DateTime">2025-03-12T15:21:03.000</Data></Cell>
<Cell ss:StyleID="s62"><Data ss:Type="DateTime">2025-03-12T15:21:03.000</Data></Cell>
<Cell><Data ss:Type="String"></Data></Cell>
<Cell><Data ss:Type="String"><![CDATA[yunxuanlee]]></Data></Cell>
<Cell><Data ss:Type="String"><![CDATA[yx.lee@ritmapres.com]]></Data></Cell>
<Cell><Data ss:Type="String"><![CDATA[]]></Data></Cell>
<Cell><Data ss:Type="String"><![CDATA[General]]></Data></Cell>
<Cell><Data ss:Type="String"><![CDATA[Medium]]></Data></Cell>
<Cell><Data ss:Type="String"><![CDATA[New]]></Data></Cell>
<Cell><Data ss:Type="String"><![CDATA[General 4]]></Data></Cell>
<Cell><Data ss:Type="String"><![CDATA[cvnnvmvmcxv]]></Data></Cell>
<Cell><Data ss:Type="String"><![CDATA[LAW WIN SON]]></Data></Cell>
<Cell><Data ss:Type="String"><![CDATA[00:00:00]]></Data></Cell>
<Cell><Data ss:Type="String"></Data></Cell>
<Cell><Data ss:Type="String">http://localhost/Hesk/ticket.php?track=GEN-000004&amp;e=yx.lee%40ritmapres.com</Data></Cell></Row>

  </Table>
  <WorksheetOptions xmlns="urn:schemas-microsoft-com:office:excel">
   <PageSetup>
    <Header x:Margin="0.3"/>
    <Footer x:Margin="0.3"/>
    <PageMargins x:Bottom="0.75" x:Left="0.7" x:Right="0.7" x:Top="0.75"/>
   </PageSetup>
   <Selected/>
   <Panes>
    <Pane>
     <Number>3</Number>
     <ActiveRow>4</ActiveRow>
    </Pane>
   </Panes>
   <ProtectObjects>False</ProtectObjects>
   <ProtectScenarios>False</ProtectScenarios>
  </WorksheetOptions>
 </Worksheet>
 <Worksheet ss:Name="Sheet2">
  <Table ss:ExpandedColumnCount="1" ss:ExpandedRowCount="1" x:FullColumns="1"
   x:FullRows="1" ss:DefaultRowHeight="15">
  </Table>
  <WorksheetOptions xmlns="urn:schemas-microsoft-com:office:excel">
   <PageSetup>
    <Header x:Margin="0.3"/>
    <Footer x:Margin="0.3"/>
    <PageMargins x:Bottom="0.75" x:Left="0.7" x:Right="0.7" x:Top="0.75"/>
   </PageSetup>
   <ProtectObjects>False</ProtectObjects>
   <ProtectScenarios>False</ProtectScenarios>
  </WorksheetOptions>
 </Worksheet>
 <Worksheet ss:Name="Sheet3">
  <Table ss:ExpandedColumnCount="1" ss:ExpandedRowCount="1" x:FullColumns="1"
   x:FullRows="1" ss:DefaultRowHeight="15">
  </Table>
  <WorksheetOptions xmlns="urn:schemas-microsoft-com:office:excel">
   <PageSetup>
    <Header x:Margin="0.3"/>
    <Footer x:Margin="0.3"/>
    <PageMargins x:Bottom="0.75" x:Left="0.7" x:Right="0.7" x:Top="0.75"/>
   </PageSetup>
   <ProtectObjects>False</ProtectObjects>
   <ProtectScenarios>False</ProtectScenarios>
  </WorksheetOptions>
 </Worksheet>
</Workbook>
